ID,Name,Description,Symbol,Logo,Contract Address,Tags,Urls,Ethereum pools ids
825,Tether USDt,"Tether USDt (USDT) is a cryptocurrency and operates on the Ethereum platform. Tether USDt has a current supply of 141,576,929,752.27767224 with 138,608,320,795.91844389 in circulation. The last known price of Tether USDt is 1.00024782 USD and is up 0.03 over the last 24 hours. It is currently trading on 114451 active market(s) with $131,585,866,057.00 traded over the last 24 hours. More information can be found at https://tether.to.",USDT,https://s2.coinmarketcap.com/static/img/coins/64x64/825.png,0xFd086bC7CD5C481DCC9C85ebE478A1C0b69FCbb9,"[""stablecoin"",""asset-backed-stablecoin"",""ethereum-ecosystem"",""waves-ecosystem"",""bitcoin-cash-ecosystem"",""heco-ecosystem"",""algorand-ecosystem"",""avalanche-ecosystem"",""solana-ecosystem"",""polygon-ecosystem"",""fantom-ecosystem"",""tezos-ecosystem"",""near-protocol-ecosystem"",""arbitrum-ecosystem"",""celo-ecosystem"",""iotex-ecosystem"",""zilliqa-ecosystem"",""harmony-ecosystem"",""moonriver-ecosystem"",""injective-ecosystem"",""bnb-chain-ecosystem"",""oasis-ecosystem"",""moonbeam-ecosystem"",""usd-stablecoin"",""xdc-ecosystem"",""everscale-ecosystem"",""velas-ecosystem"",""ethereum-pow-ecosystem"",""aptos-ecosystem"",""sui-ecosystem"",""optimism-ecosystem"",""canto-ecosystem"",""osmosis-ecosystem"",""zksync-era-ecosystem"",""pulsechain-ecosystem"",""sei-ecosystem"",""toncoin-ecosystem"",""fiat-stablecoin"",""viction-ecosystem"",""gnosis-chain-ecosystem"",""klaytn-ecosystem"",""okexchain-ecosystem"",""conflux-ecosystem"",""kcc-ecosystem"",""tron20-ecosystem"",""kardiachain-ecosystem"",""rsk-rbtc-ecosystem"",""telos-ecosystem"",""boba-network-ecosystem"",""fusion-network-ecosystem"",""hoo-smart-chain-ecosystem"",""secret-ecosystem"",""aurora-ecosystem"",""metis-andromeda-ecosystem"",""meter-ecosystem"",""fuse-ecosystem"",""syscoin-ecosystem"",""milkomeda-ecosystem"",""bitgert-ecosystem"",""astar-ecosystem"",""cube-network-ecosystem"",""thundercore-ecosystem"",""redlight-chain-ecosystem"",""core-ecosystem"",""polygon-zkevm-ecosystem"",""eos-evm-ecosystem"",""starknet-ecosystem"",""mantle-ecosystem"",""neon-evm-ecosystem"",""manta-pacific-ecosystem"",""scroll-ecosystem"",""x-layer-ecosystem""]","{""website"":[""https://tether.to""],""twitter"":[""https://twitter.com/tether_to""],""message_board"":[],""chat"":[""https://t.me/OfficialTether""],""facebook"":[],""explorer"":[""https://solscan.io/token/Es9vMFrzaCERmJfrF4H2FYD4KCoNkY11McCe8BenwNYB"",""https://www.omniexplorer.info/asset/31"",""https://etherscan.io/token/0xdac17f958d2ee523a2206206994597c13d831ec7"",""https://algoexplorer.io/asset/312769"",""https://tronscan.org/#/token20/TR7NHqjeKQxGTCi8q8ZY4pL8otSzgjLj6t""],""reddit"":[],""technical_doc"":[""https://tether.to/wp-content/uploads/2016/06/TetherWhitePaper.pdf""],""source_code"":[],""announcement"":[""https://tether.to/en/news""]}","[""arbitrum_0x641c00a822e8b671738d32a431a4fb6074e5c79d"",""arbitrum_0x42161084d0672e1d3f26a9b53e653be2084ff19c"",""arbitrum_0xc82819f72a9e77e2c0c3a69b3196478f44303cf4"",""arbitrum_0x58039203442c9f2a45d5536bd021a383c7f3035c""]"
3408,USDC,"USDC (USDC) is a cryptocurrency and operates on the Ethereum platform. USDC has a current supply of 51,669,484,709.1516731. The last known price of USDC is 0.99991214 USD and is down -0.01 over the last 24 hours. It is currently trading on 25115 active market(s) with $19,094,703,195.21 traded over the last 24 hours. More information can be found at https://www.usdc.com/.",USDC,https://s2.coinmarketcap.com/static/img/coins/64x64/3408.png,0xaf88d065e77c8cC2239327C5EDb3A432268e5831,"[""medium-of-exchange"",""stablecoin"",""asset-backed-stablecoin"",""ethereum-ecosystem"",""waves-ecosystem"",""bitcoin-cash-ecosystem"",""wanchain-ecosystem"",""coinbase-ventures-portfolio"",""algorand-ecosystem"",""solana-ecosystem"",""hedera-hashgraph-ecosystem"",""polygon-ecosystem"",""near-protocol-ecosystem"",""arbitrum-ecosystem"",""celo-ecosystem"",""iotex-ecosystem"",""harmony-ecosystem"",""moonriver-ecosystem"",""injective-ecosystem"",""bnb-chain-ecosystem"",""oasis-ecosystem"",""moonbeam-ecosystem"",""usd-stablecoin"",""everscale-ecosystem"",""velas-ecosystem"",""ethereum-pow-ecosystem"",""aptos-ecosystem"",""sui-ecosystem"",""optimism-ecosystem"",""canto-ecosystem"",""osmosis-ecosystem"",""zksync-era-ecosystem"",""pulsechain-ecosystem"",""base-ecosystem"",""sei-ecosystem"",""multiversx-ecosystem"",""fiat-stablecoin"",""viction-ecosystem"",""gnosis-chain-ecosystem"",""okexchain-ecosystem"",""conflux-ecosystem"",""kcc-ecosystem"",""tron20-ecosystem"",""kardiachain-ecosystem"",""telos-ecosystem"",""ronin-ecosystem"",""boba-network-ecosystem"",""kava-ecosystem"",""secret-ecosystem"",""aurora-ecosystem"",""metis-andromeda-ecosystem"",""meter-ecosystem"",""fuse-ecosystem"",""elastos-ecosystem"",""syscoin-ecosystem"",""milkomeda-ecosystem"",""evmos-ecosystem"",""bitgert-ecosystem"",""astar-ecosystem"",""thundercore-ecosystem"",""tomb-chain-ecosystem"",""wemix-ecosystem"",""sx-network-ecosystem"",""godwoken-ecosystem"",""energi-ecosystem"",""core-ecosystem"",""polygon-zkevm-ecosystem"",""starknet-ecosystem"",""mantle-ecosystem"",""neon-evm-ecosystem"",""scroll-ecosystem"",""shido-network-ecosystem"",""made-in-america""]","{""website"":[""https://www.usdc.com/""],""twitter"":[""https://twitter.com/circle""],""message_board"":[""https://medium.com/centre-blog""],""chat"":[],""facebook"":[],""explorer"":[""https://solscan.io/token/EPjFWdd5AufqSSqeM2qN1xzybapC8G4wEGGkZwyTDt1v"",""https://etherscan.io/token/0xa0b86991c6218b36c1d19d4a2e9eb0ce3606eb48"",""https://explorer.solana.com/address/EPjFWdd5AufqSSqeM2qN1xzybapC8G4wEGGkZwyTDt1v"",""https://tronscan.org/#/token20/TEkxiTehnzSmSe2XqrBj4w32RUN966rdz8"",""https://bscscan.com/token/0x8ac76a51cc950d9822d68b83fe1ad97b32cd580d""],""reddit"":[],""technical_doc"":[""https://f.hubspotusercontent30.net/hubfs/9304636/PDF/centre-whitepaper.pdf""],""source_code"":[""https://github.com/centrehq/centre-tokens""],""announcement"":[""https://blog.circle.com/2018/09/26/introducing-usd-coin/""]}","[""arbitrum_0xc6962004f452be9203591991d15f6b388e09e8d0"",""arbitrum_0x6f38e884725a116c9c7fbf208e79fe8828a2595f"",""arbitrum_0xc473e2aee3441bf9240be85eb122abb059a3b57c"",""arbitrum_0x42fc852a750ba93d5bf772ecdc857e87a86403a9""]"
1975,Chainlink,"Chainlink (LINK) is a cryptocurrency and operates on the Ethereum platform. Chainlink has a current supply of 1,000,000,000 with 638,099,970.45278671 in circulation. The last known price of Chainlink is 25.70955579 USD and is up 1.41 over the last 24 hours. It is currently trading on 1920 active market(s) with $916,397,373.91 traded over the last 24 hours. More information can be found at https://chain.link/.",LINK,https://s2.coinmarketcap.com/static/img/coins/64x64/1975.png,0xf97f4df75117a78c1A5a0DBb814Af92458539FB4,"[""platform"",""defi"",""oracles"",""smart-contracts"",""ethereum-ecosystem"",""substrate"",""polkadot"",""heco-ecosystem"",""avalanche-ecosystem"",""solana-ecosystem"",""framework-ventures-portfolio"",""polygon-ecosystem"",""fantom-ecosystem"",""cardano-ecosystem"",""web3"",""near-protocol-ecosystem"",""arbitrum-ecosystem"",""cardano"",""injective-ecosystem"",""optimism-ecosystem"",""real-world-assets"",""celsius-bankruptcy-estate"",""gnosis-chain-ecosystem"",""sora-ecosystem"",""hoo-smart-chain-ecosystem"",""milkomeda-ecosystem"",""energi-ecosystem"",""made-in-america""]","{""website"":[""https://chain.link/"",""https://smartcontract.com/""],""twitter"":[""https://twitter.com/chainlink""],""message_board"":[""https://medium.com/chainlink"",""https://blog.chain.link/""],""chat"":[""https://t.me/chainlinkofficial""],""facebook"":[],""explorer"":[""https://solscan.io/token/CWE8jPTUYhdCTZYWPTe1o5DFqfdjzWKc9WKz6rSjQUdG"",""https://etherscan.io/token/0x514910771af9ca656af840dff83e8264ecf986ca"",""https://bscscan.com/token/0xf8a0bf9cf54bb92f17374d9e9a321e6a111a51bd"",""https://explorer.solana.com/address/CWE8jPTUYhdCTZYWPTe1o5DFqfdjzWKc9WKz6rSjQUdG"",""https://blockscout.com/xdai/mainnet/tokens/0xE2e73A1c69ecF83F464EFCE6A5be353a37cA09b2/token-transfers""],""reddit"":[""https://reddit.com/r/chainlink""],""technical_doc"":[""https://chain.link/whitepaper""],""source_code"":[""https://github.com/smartcontractkit/chainlink""],""announcement"":[]}","[""arbitrum_0x468b88941e7cc0b88c1869d68ab6b570bcef62ff"",""arbitrum_0x22127577d772c4098c160b49a8e5cae3012c5824"",""arbitrum_0x91308bc9ce8ca2db82aa30c65619856cc939d907"",""arbitrum_0xd49ab568db5721afe8e86811ff4d0d5f5afea300""]"
7083,Uniswap,"Uniswap (UNI) is a cryptocurrency launched in 2020and operates on the Ethereum platform. Uniswap has a current supply of 1,000,000,000 with 600,518,037.71 in circulation. The last known price of Uniswap is 12.80318534 USD and is down -3.25 over the last 24 hours. It is currently trading on 1159 active market(s) with $275,118,209.37 traded over the last 24 hours. More information can be found at https://uniswap.org/blog/uni/.",UNI,https://s2.coinmarketcap.com/static/img/coins/64x64/7083.png,0xFa7F8980b0f1E64A2062791cc3b0871572f1F7f0,"[""decentralized-exchange-dex-token"",""defi"",""dao"",""ethereum-ecosystem"",""yield-farming"",""amm"",""coinbase-ventures-portfolio"",""three-arrows-capital-portfolio"",""governance"",""heco-ecosystem"",""solana-ecosystem"",""blockchain-capital-portfolio"",""defiance-capital-portfolio"",""alameda-research-portfolio"",""a16z-portfolio"",""pantera-capital-portfolio"",""parafi-capital"",""paradigm-portfolio"",""polygon-ecosystem"",""near-protocol-ecosystem"",""arbitrum-ecosystem"",""injective-ecosystem"",""optimism-ecosystem"",""cmc-crypto-awards-2024"",""gnosis-chain-ecosystem"",""sora-ecosystem"",""hoo-smart-chain-ecosystem"",""made-in-america""]","{""website"":[""https://uniswap.org/blog/uni/"",""https://uniswap.org/""],""twitter"":[""https://twitter.com/Uniswap""],""message_board"":[""https://uniswap.org/blog/""],""chat"":[""https://discord.gg/FCfyBSbCU5""],""facebook"":[],""explorer"":[""https://solscan.io/token/8FU95xFJhUUkyyCLU13HSzDLs7oC4QZdXQHL6SCeab36"",""https://etherscan.io/token/0x1f9840a85d5af5bf1d1762f925bdaddc4201f984"",""https://nearblocks.io/token/1f9840a85d5af5bf1d1762f925bdaddc4201f984.factory.bridge.near"",""https://bscscan.com/token/0xbf5140a22578168fd562dccf235e5d43a02ce9b1"",""https://hecoinfo.com/token/0x22c54ce8321a4015740ee1109d9cbc25815c46e6""],""reddit"":[""https://reddit.com/r/Uniswap""],""technical_doc"":[],""source_code"":[],""announcement"":[]}","[""arbitrum_0xc24f7d8e51a64dc1238880bd00bb961d54cbeb29"",""arbitrum_0xff96d42dc8e2700abab1f1f82ecf699caa1a2056"",""arbitrum_0x929fcf81102c5577243ee614c2c455acd6681f1a"",""arbitrum_0x25857f9150515696a97687ebec20601139ad4fa1""]"
29470,Ethena USDe,"Ethena USDe (USDe) is a cryptocurrency and operates on the Ethereum platform. Ethena USDe has a current supply of 5,745,835,749.48473935. The last known price of Ethena USDe is 0.99968217 USD and is up 0.03 over the last 24 hours. It is currently trading on 99 active market(s) with $160,626,499.22 traded over the last 24 hours. More information can be found at https://www.ethena.fi/.",USDe,https://s2.coinmarketcap.com/static/img/coins/64x64/29470.png,0x5d3a1ff2b6bab83b63cd9ad0787074081a52ef34,"[""stablecoin"",""asset-backed-stablecoin"",""ethereum-ecosystem"",""binance-labs-portfolio"",""dragonfly-capital-portfolio"",""usd-stablecoin"",""optimism-ecosystem"",""linea-ecosystem"",""eigenlayer-ecosystem"",""kava-ecosystem"",""metis-andromeda-ecosystem"",""mantle-ecosystem"",""manta-pacific-ecosystem"",""scroll-ecosystem""]","{""website"":[""https://www.ethena.fi/""],""twitter"":[""https://twitter.com/ethena_labs""],""message_board"":[],""chat"":[""https://discord.gg/ethena"",""https://t.me/ethena_labs""],""facebook"":[],""explorer"":[""https://etherscan.io/token/0x4c9edd5852cd905f086c759e8383e09bff1e68b3"",""https://arbiscan.io/token/0x5d3a1ff2b6bab83b63cd9ad0787074081a52ef34"",""https://explorer.mantle.xyz/token/0x5d3a1Ff2b6BAb83b63cd9AD0787074081a52ef34"",""https://bscscan.com/token/0x5d3a1ff2b6bab83b63cd9ad0787074081a52ef34"",""https://optimistic.etherscan.io/token/0x5d3a1ff2b6bab83b63cd9ad0787074081a52ef34""],""reddit"":[],""technical_doc"":[""https://ethena-labs.gitbook.io/ethena-labs/""],""source_code"":[""https://github.com/ethena-labs""],""announcement"":[]}","[""arbitrum_0x9511ee80843cdf8ecfa0337c73621458a8ca1c73"",""arbitrum_0xaa9aea1896130089a8fc33acd7028dbaeba421d8""]"
4943,Dai,"Dai (DAI) is a cryptocurrency and operates on the Ethereum platform. Dai has a current supply of 5,365,382,702.664872. The last known price of Dai is 1.00040108 USD and is up 0.03 over the last 24 hours. It is currently trading on 3448 active market(s) with $373,888,984.35 traded over the last 24 hours. More information can be found at https://makerdao.com/.",DAI,https://s2.coinmarketcap.com/static/img/coins/64x64/4943.png,0xDA10009cBd5D07dd0CeCc66161FC93D7c9000da1,"[""defi"",""stablecoin"",""asset-backed-stablecoin"",""ethereum-ecosystem"",""avalanche-ecosystem"",""solana-ecosystem"",""polygon-ecosystem"",""fantom-ecosystem"",""near-protocol-ecosystem"",""arbitrum-ecosystem"",""harmony-ecosystem"",""moonriver-ecosystem"",""bnb-chain-ecosystem"",""moonbeam-ecosystem"",""usd-stablecoin"",""everscale-ecosystem"",""optimism-ecosystem"",""osmosis-ecosystem"",""pulsechain-ecosystem"",""toncoin-ecosystem"",""gnosis-chain-ecosystem"",""klaytn-ecosystem"",""sora-ecosystem"",""boba-network-ecosystem"",""aurora-ecosystem"",""metis-andromeda-ecosystem"",""bitgert-ecosystem"",""energi-ecosystem"",""starknet-ecosystem""]","{""website"":[""https://makerdao.com/""],""twitter"":[""https://twitter.com/MakerDAO""],""message_board"":[],""chat"":[],""facebook"":[],""explorer"":[""https://solscan.io/token/EjmyN6qEC1Tf1JxiG1ae7UTJhUxSwk1TCWNWqxWV4J6o"",""https://etherscan.io/token/0x6b175474e89094c44da98b954eedeac495271d0f"",""https://polygonscan.com/token/0x8f3Cf7ad23Cd3CaDbD9735AFf958023239c6A063"",""https://bscscan.com/token/0x1af3f329e8be154074d8769d1ffa4ee058b1dbc3"",""https://blockscout.com/xdai/mainnet/tokens/0x44fA8E6f47987339850636F88629646662444217/token-transfers""],""reddit"":[],""technical_doc"":[],""source_code"":[],""announcement"":[]}","[""arbitrum_0xa961f0473da4864c5ed28e00fcc53a3aab056c1b"",""arbitrum_0x0779450b087a86c40e074ac00a65eabe1cbc0f87"",""arbitrum_0x31fa55e03bad93c7f8affdd2ec616ebfde246001"",""arbitrum_0x2e630136c42bc72f1285743347ba77a75077aff4"",""arbitrum_0xe42655ce721d38c3ce38735cf844cab644bcb15a""]"
11841,Arbitrum,"Arbitrum (ARB) is a cryptocurrency launched in 2023and operates on the Ethereum platform. Arbitrum has a current supply of 10,000,000,000 with 4,343,862,574 in circulation. The last known price of Arbitrum is 0.70514091 USD and is down -1.35 over the last 24 hours. It is currently trading on 1084 active market(s) with $269,006,256.47 traded over the last 24 hours. More information can be found at https://arbitrum.foundation.",ARB,https://s2.coinmarketcap.com/static/img/coins/64x64/11841.png,0x912CE59144191C1204E64559FE8253a0e49E6548,"[""scaling"",""dao"",""dapp"",""ethereum-ecosystem"",""polychain-capital-portfolio"",""layer-2"",""rollups"",""pantera-capital-portfolio"",""arbitrum-ecosystem"",""osmosis-ecosystem"",""modular-blockchain"",""egirl-capital-portfolio""]","{""website"":[""https://arbitrum.foundation"",""https://arbitrum.io/""],""twitter"":[""https://twitter.com/arbitrum""],""message_board"":[],""chat"":[""https://discord.com/invite/arbitrum""],""facebook"":[],""explorer"":[""https://arbiscan.io/token/0x912CE59144191C1204E64559FE8253a0e49E6548"",""https://etherscan.io/token/0xB50721BCf8d664c30412Cfbc6cf7a15145234ad1"",""https://nova-explorer.arbitrum.io/token/0xf823C3cD3CeBE0a1fA952ba88Dc9EEf8e0Bf46AD/token-transfers"",""https://www.oklink.com/arbitrum/token/0x912ce59144191c1204e64559fe8253a0e49e6548""],""reddit"":[],""technical_doc"":[""https://github.com/OffchainLabs""],""source_code"":[],""announcement"":[""https://offchain.medium.com/""]}","[""arbitrum_0xc6f780497a95e246eb9449f5e4770916dcd6396a"",""arbitrum_0x92c63d0e701caae670c9415d91c474f686298f00"",""arbitrum_0x92fd143a8fa0c84e016c2765648b9733b0aa519e"",""arbitrum_0x89a4026e9ade251c67b7fb38054931a39936d9c5""]"
23095,Bonk,"Bonk (BONK) is a cryptocurrency launched in 2022and operates on the Ethereum platform. Bonk has a current supply of 90,932,355,303,574.390625 with 76,497,074,938,136.359375 in circulation. The last known price of Bonk is 0.00003132 USD and is down -2.18 over the last 24 hours. It is currently trading on 648 active market(s) with $404,911,571.71 traded over the last 24 hours. More information can be found at https://www.bonkcoin.com/.",BONK,https://s2.coinmarketcap.com/static/img/coins/64x64/23095.png,0x09199d9a5f4448d0848e4395d065e1ad9c4a1f74,"[""memes"",""ethereum-ecosystem"",""solana-ecosystem"",""polygon-ecosystem"",""doggone-doggerel"",""injective-ecosystem"",""aptos-ecosystem"",""sui-ecosystem"",""dwf-labs-portfolio"",""base-ecosystem"",""cmc-crypto-awards-2024""]","{""website"":[""https://www.bonkcoin.com/""],""twitter"":[""https://twitter.com/bonk_inu""],""message_board"":[],""chat"":[""https://t.me/+gwaykxpOpq01OTgx""],""facebook"":[],""explorer"":[""https://solscan.io/token/DezXAZ8z7PnrnRJjz3wXBoRgixCa6xjnB7YaB1pPB263""],""reddit"":[""https://reddit.com/r/BONKcoin""],""technical_doc"":[""https://assets-global.website-files.com/63d9862f53dc8e65d16eb0e0/63de6fb910d0b94a933c4a2f_BONK-PAPER-040223.pdf""],""source_code"":[""https://github.com/BonkLabs""],""announcement"":[]}","[""arbitrum_0x6456333ba58056754334341e6754ed422c188982"",""arbitrum_0x354fdea1b9b6b254d0295595718409eb810f3233""]"
6719,The Graph,"The Graph (GRT) is a cryptocurrency launched in 2018and operates on the Ethereum platform. The Graph has a current supply of 10,799,706,720.163599 with 9,548,531,509.165474 in circulation. The last known price of The Graph is 0.18977198 USD and is down -4.89 over the last 24 hours. It is currently trading on 530 active market(s) with $99,359,582.26 traded over the last 24 hours. More information can be found at https://thegraph.com.",GRT,https://s2.coinmarketcap.com/static/img/coins/64x64/6719.png,0x9623063377AD1B27544C965cCd7342f7EA7e88C7,"[""ai-big-data"",""enterprise-solutions"",""defi"",""ethereum-ecosystem"",""coinbase-ventures-portfolio"",""solana-ecosystem"",""analytics"",""coinfund-portfolio"",""dcg-portfolio"",""fabric-ventures-portfolio"",""framework-ventures-portfolio"",""ledgerprime-portfolio"",""multicoin-capital-portfolio"",""parafi-capital"",""polygon-ecosystem"",""fantom-ecosystem"",""web3"",""near-protocol-ecosystem"",""arbitrum-ecosystem"",""spartan-group"",""injective-ecosystem"",""sora-ecosystem""]","{""website"":[""https://thegraph.com""],""twitter"":[""https://twitter.com/graphprotocol""],""message_board"":[""https://thegraph.com/blog/"",""https://thegraph.com/#newsletter""],""chat"":[""https://thegraph.com/discord"",""https://t.me/GraphProtocol""],""facebook"":[],""explorer"":[""https://solscan.io/token/HGsLG4PnZ28L8A4R5nPqKgZd86zUUdmfnkTRnuFJ5dAX"",""https://etherscan.io/token/0xc944e90c64b2c07662a292be6244bdf05cda44a7"",""https://thegraph.com/explorer/"",""https://avascan.info/blockchain/c/token/0x8a0cAc13c7da965a312f08ea4229c37869e85cB9"",""https://arbiscan.io/token/0x9623063377AD1B27544C965cCd7342f7EA7e88C7""],""reddit"":[""https://reddit.com/r/thegraph""],""technical_doc"":[""https://thegraph.com/docs/""],""source_code"":[""https://github.com/graphprotocol""],""announcement"":[]}","[""arbitrum_0x74d0ae8b8e1fca6039707564704a25ad2ee036b0"",""arbitrum_0xf782cd5748bfc21d30b03174bb3e30fdd111a897"",""arbitrum_0x1b12e221bb0e6d6c3d60aab29321d0d1a26d01fa"",""arbitrum_0x68451370f15b42991c1921940f1050982195ccf8""]"
8000,Lido DAO,"Lido DAO (LDO) is a cryptocurrency and operates on the Ethereum platform. Lido DAO has a current supply of 1,000,000,000 with 896,046,961.4578881 in circulation. The last known price of Lido DAO is 1.76451512 USD and is down -9.96 over the last 24 hours. It is currently trading on 485 active market(s) with $152,410,434.67 traded over the last 24 hours. More information can be found at https://lido.fi/.",LDO,https://s2.coinmarketcap.com/static/img/coins/64x64/8000.png,0x13Ad51ed4F1B7e9Dc168d8a00cB3f4dDD85EfA60,"[""defi"",""dao"",""ethereum-ecosystem"",""three-arrows-capital-portfolio"",""solana-ecosystem"",""paradigm-portfolio"",""arbitrum-ecosystem"",""liquid-staking-derivatives"",""optimism-ecosystem"",""standard-crypto-portfolio"",""egirl-capital-portfolio"",""cmc-crypto-yearbook-2024-2025""]","{""website"":[""https://lido.fi/""],""twitter"":[""https://twitter.com/lidofinance""],""message_board"":[""https://blog.lido.fi/""],""chat"":[""https://t.me/lidofinance"",""https://discord.gg/vgdPfhZ""],""facebook"":[],""explorer"":[""https://solscan.io/token/HZRCwxP2Vq9PCpPXooayhJ2bxTpo5xfpQrwB1svh332p"",""https://etherscan.io/token/0x5a98fcbea516cf06857215779fd812ca3bef1b32"",""https://www.oklink.com/eth/token/0x5A98FcBEA516Cf06857215779Fd812CA3beF1B32"",""https://explorer.solana.com/address/HZRCwxP2Vq9PCpPXooayhJ2bxTpo5xfpQrwB1svh332p"",""https://bscscan.com/token/0x986854779804799C1d68867F5E03e601E781e41b""],""reddit"":[""https://reddit.com/r/lidofinance""],""technical_doc"":[""https://lido.fi/static/Lido:Ethereum-Liquid-Staking.pdf""],""source_code"":[""https://github.com/lidofinance""],""announcement"":[]}","[""arbitrum_0x52f9d14bed8ce6536da063aaf274ae2747ef4853"",""arbitrum_0x25ab7dc4ddcacb6fe75694904db27602175245f1"",""arbitrum_0xe4cd69c5f4bc7803b2fb745c984446b935b54249"",""arbitrum_0xbadb1810c931b6203ebe34d9391bb4db5dfb586d""]"
6538,Curve DAO Token,"Curve DAO Token (CRV) is a cryptocurrency and operates on the Ethereum platform. Curve DAO Token has a current supply of 2,218,240,122.03826564 with 1,273,069,562 in circulation. The last known price of Curve DAO Token is 0.78975574 USD and is down -3.25 over the last 24 hours. It is currently trading on 805 active market(s) with $207,372,140.67 traded over the last 24 hours. More information can be found at https://www.curve.fi/.",CRV,https://s2.coinmarketcap.com/static/img/coins/64x64/6538.png,0x11cDb42B0EB46D95f990BeDD4695A6e3fA034978,"[""decentralized-exchange-dex-token"",""defi"",""dao"",""ethereum-ecosystem"",""yield-farming"",""amm"",""governance"",""framework-ventures-portfolio"",""alameda-research-portfolio"",""polygon-ecosystem"",""fantom-ecosystem"",""arbitrum-ecosystem"",""optimism-ecosystem"",""dwf-labs-portfolio"",""base-ecosystem"",""gnosis-chain-ecosystem""]","{""website"":[""https://www.curve.fi/""],""twitter"":[""https://twitter.com/curvefinance""],""message_board"":[""https://news.curve.fi/""],""chat"":[""https://t.me/curvefi"",""https://discord.gg/rgrfS7W""],""facebook"":[],""explorer"":[""https://etherscan.io/token/0xD533a949740bb3306d119CC777fa900bA034cd52"",""https://arbiscan.io/token/0x11cDb42B0EB46D95f990BeDD4695A6e3fA034978"",""https://optimistic.etherscan.io/token/0x0994206dfE8De6Ec6920FF4D779B0d950605Fb53"",""https://gnosisscan.io/token/0x712b3d230f3c1c19db860d80619288b1f0bdd0bd"",""https://polygonscan.com/token/0x172370d5Cd63279eFa6d502DAB29171933a610AF""],""reddit"":[""https://reddit.com/r/CurveDAO""],""technical_doc"":[""https://docs.curve.fi/""],""source_code"":[""https://github.com/curvefi/curve-contract""],""announcement"":[]}","[""arbitrum_0xa95b0f5a65a769d82ab4f3e82842e45b8bbaf101"",""arbitrum_0xba80cede54bf09f8160f7d6ad4a9d6ae3a9852d9"",""arbitrum_0x14cc036360c896c20bc816a2a7aa514bc843766f""]"
23888,Glo Dollar,"Glo Dollar (USDGLO) is a cryptocurrency launched in 2023and operates on the Ethereum platform. Glo Dollar has a current supply of 3,565,491 with 0 in circulation. The last known price of Glo Dollar is 1.00131914 USD and is up 0.13 over the last 24 hours. It is currently trading on 43 active market(s) with $21,568.87 traded over the last 24 hours. More information can be found at https://www.glodollar.org/.",USDGLO,https://s2.coinmarketcap.com/static/img/coins/64x64/23888.png,0x4F604735c1cF31399C6E711D5962b2B3E0225AD3,"[""ethereum-ecosystem"",""polygon-ecosystem"",""celo-ecosystem"",""optimism-ecosystem"",""base-ecosystem""]","{""website"":[""https://www.glodollar.org/""],""twitter"":[""https://twitter.com/glodollar""],""message_board"":[""https://www.glodollar.org/""],""chat"":[""https://discord.com/invite/PUrBVdzzN5""],""facebook"":[],""explorer"":[""https://etherscan.io/token/0x4F604735c1cF31399C6E711D5962b2B3E0225AD3"",""https://polygonscan.com/token/0x4F604735c1cF31399C6E711D5962b2B3E0225AD3"",""https://celoscan.io/token/0x4f604735c1cf31399c6e711d5962b2b3e0225ad3"",""https://optimistic.etherscan.io/token/0x4f604735c1cf31399c6e711d5962b2b3e0225ad3"",""https://basescan.org/token/0x4f604735c1cf31399c6e711d5962b2b3e0225ad3""],""reddit"":[],""technical_doc"":[""https://docs.google.com/document/d/1E09fdrvBr_TgsUqODq-MROfoSniHI8Ri_3gRYYoWXi0/edit""],""source_code"":[""https://gitlab.com/global-income-coin/usdglo""],""announcement"":[]}","[""arbitrum_0xba3ef4fa6cf85b8463ea782ca277b5a7657be5b0""]"
23800,EUROe Stablecoin,"EUROe Stablecoin (EUROE) is a cryptocurrency and operates on the Ethereum platform. EUROe Stablecoin has a current supply of 1,001,000 with 0 in circulation. The last known price of EUROe Stablecoin is 1.03434614 USD and is down -0.10 over the last 24 hours. It is currently trading on 49 active market(s) with $20,354.21 traded over the last 24 hours. More information can be found at https://euroe.com/.",EUROE,https://s2.coinmarketcap.com/static/img/coins/64x64/23800.png,0xcF985abA4647a432E60efcEeB8054BBd64244305,"[""ethereum-ecosystem"",""solana-ecosystem"",""polygon-ecosystem"",""optimism-ecosystem""]","{""website"":[""https://euroe.com/""],""twitter"":[""https://twitter.com/EUROemoney""],""message_board"":[],""chat"":[],""facebook"":[],""explorer"":[""https://solscan.io/token/2VhjJ9WxaGC3EZFwJG9BDUs9KxKCAjQY4vgd1qxgYWVg"",""https://etherscan.io/token/0x820802fa8a99901f52e39acd21177b0be6ee2974"",""https://polygonscan.com/token/0x820802Fa8a99901F52e39acD21177b0BE6EE2974"",""https://arbiscan.io/address/0xcF985abA4647a432E60efcEeB8054BBd64244305"",""https://snowtrace.io/token/0x820802Fa8a99901F52e39acD21177b0BE6EE2974""],""reddit"":[],""technical_doc"":[],""source_code"":[""https://github.com/membranefi/""],""announcement"":[]}","[""arbitrum_0xb4f4b975fb96cca3aa7891a1f1371f7dd640aeaa""]"
27023,FOOM,"FOOM (FOOM) is a cryptocurrency launched in 2023and operates on the Ethereum platform. FOOM has a current supply of 175,000,000,000,000 with 0 in circulation. The last known price of FOOM is 0.00000014 USD and is up 0.00 over the last 24 hours. It is currently trading on 12 active market(s) with $0.00 traded over the last 24 hours. More information can be found at http://foomclub.ai.",FOOM,https://s2.coinmarketcap.com/static/img/coins/64x64/27023.png,0xC31DDaAfCBe9F2e589B65199A9756630b99eb815,"[""ethereum-ecosystem"",""polygon-ecosystem""]","{""website"":[""http://foomclub.ai""],""twitter"":[""https://twitter.com/foomclub""],""message_board"":[],""chat"":[""https://t.me/foomverify"",""https://discord.gg/BxJEkCKdQU""],""facebook"":[],""explorer"":[""https://etherscan.io/token/0xd0d56273290d339aaf1417d9bfa1bb8cfe8a0933"",""https://arbiscan.io/token/0xC31DDaAfCBe9F2e589B65199A9756630b99eb815"",""https://polygonscan.com/token/0x2e250061938231e8d85C9D2D3313DEe6674f6609""],""reddit"":[],""technical_doc"":[],""source_code"":[],""announcement"":[]}","[""arbitrum_0x8f637fe857e4ff3b8a0f356c7a67594d226b7b41""]"
27095,Archi Finance,"Archi Finance (ARCHI) is a cryptocurrency launched in 2023and operates on the Arbitrum platform. Archi Finance has a current supply of 10,000,000 with 0 in circulation. The last known price of Archi Finance is 0.03147149 USD and is up 0.00 over the last 24 hours. It is currently trading on 9 active market(s) with $0.00 traded over the last 24 hours. More information can be found at https://archi.finance/.",ARCHI,https://s2.coinmarketcap.com/static/img/coins/64x64/27095.png,0x93D504070AB0eede5449C89C5eA0F5e34D8103f8,[],"{""website"":[""https://archi.finance/""],""twitter"":[""https://twitter.com/archi_fi""],""message_board"":[""https://medium.com/@archifinace""],""chat"":[""https://discord.gg/GeRStrvtgB""],""facebook"":[],""explorer"":[""https://arbiscan.io/token/0x93D504070AB0eede5449C89C5eA0F5e34D8103f8""],""reddit"":[],""technical_doc"":[""https://docs.archi.finance/""],""source_code"":[""https://github.com/ArchiFinance/""],""announcement"":[]}","[""arbitrum_0x1b4a3f6ad0b7254e373f47a3e442eea60af693fc"",""arbitrum_0x4c94fe5a8098f8107d1fb7d73298d307f2bcc13b"",""arbitrum_0x5e9bf7b6d24414229175d08fef79c69619bfc80d""]"
27444,Rodeo Finance,"Rodeo Finance (RDO) is a cryptocurrency and operates on the Arbitrum platform. Rodeo Finance has a current supply of 11,850,000 with 0 in circulation. The last known price of Rodeo Finance is 0.00357378 USD and is up 0.00 over the last 24 hours. It is currently trading on 13 active market(s) with $0.00 traded over the last 24 hours. More information can be found at https://www.rodeofinance.xyz/.",RDO,https://s2.coinmarketcap.com/static/img/coins/64x64/27444.png,0x033f193b3fceb22a440e89a2867e8fee181594d9,[],"{""website"":[""https://www.rodeofinance.xyz/""],""twitter"":[""https://twitter.com/Rodeo_Finance""],""message_board"":[],""chat"":[""https://t.me/rodeofinance"",""https://discord.com/invite/6N9braAzms""],""facebook"":[],""explorer"":[""https://arbiscan.io/token/0x5180Dce8F532f40d84363737858E2C5Fd0C8aB39""],""reddit"":[],""technical_doc"":[],""source_code"":[],""announcement"":[""https://medium.com/@Rodeo_Finance""]}","[""arbitrum_0xc3a655538685e15a330381d8fd46dfa25f0f5c91"",""arbitrum_0x68abd0ab2ec1138d21598d797f8ec57710dc031d"",""arbitrum_0x3e74cc074379d4bbfd2072846376da268e979774""]"

